1,302460.485 302460.802 302461.159 302461.501 302461.898 302462.310 302462.747 302463.207 302463.524 302463.937 302464.556 302465.143 302465.604 302466.016 302466.358 302466.667 302467.016 302467.445 302467.818 302468.159 302468.461 302468.802 302469.095 302469.453 302469.794 302470.151 302470.421 302470.643 302470.913 302471.119 302471.357 302471.603 302471.817 302472.095 302472.349 302472.555 302472.809 302472.968 302473.182 302473.397 302473.865 302474.311 302474.758 302475.198 302475.680 302476.133 302476.597 302477.103 302477.543 302477.912 302478.305 302478.632 302478.888 302479.126 302479.382 302479.626 302479.841 302480.055 302480.216 302480.442 302480.656 302480.894 302481.097 302481.293 302481.483 302481.665 302481.860 302482.384 302482.782 302483.211 302483.741 302484.330 302484.872 302485.520 302485.996 302486.580 302487.115 302487.603 302488.044 302488.627 302489.389 302490.246 302490.954 302491.692 302492.606 302493.246 302494.317 302495.258 302496.008 302496.823 302497.436 ,4123711.413 4123712.025 4123712.644 4123713.270 4123713.945 4123714.659 4123715.413 4123716.238 4123716.857 4123717.619 4123718.762 4123719.730 4123720.651 4123721.421 4123722.048 4123722.587 4123723.270 4123724.016 4123724.682 4123725.285 4123725.809 4123726.452 4123727.015 4123727.642 4123728.261 4123728.872 4123729.380 4123729.777 4123730.222 4123730.618 4123731.071 4123731.507 4123731.896 4123732.412 4123732.840 4123733.221 4123733.634 4123733.975 4123734.380 4123734.721 4123735.610 4123736.366 4123737.193 4123738.015 4123738.842 4123739.687 4123740.514 4123741.395 4123742.175 4123742.883 4123743.556 4123744.157 4123744.645 4123745.103 4123745.526 4123745.961 4123746.365 4123746.746 4123747.068 4123747.466 4123747.865 4123748.300 4123748.615 4123748.960 4123749.300 4123749.646 4123750.008 4123750.990 4123751.710 4123752.448 4123753.400 4123754.466 4123755.442 4123756.591 4123757.507 4123758.555 4123759.519 4123760.412 4123761.150 4123762.186 4123763.519 4123765.090 4123766.462 4123767.748 4123769.405 4123770.542 4123772.518 4123774.197 4123775.500 4123776.875 4123777.851 ,1,2,40,no
2,302560.162 302561.301 302562.463 302563.475 302564.581 302565.687 302566.831 302567.918 302569.005 302570.148 302571.104 302572.060 302573.072 302574.103 302575.078 302576.090 302577.177 302578.096 302579.033 302580.045 302580.963 302581.807 302582.782 302583.588 302584.394 302585.312 302586.155 302586.868 302587.655 302588.480 302589.211 302589.923 302590.616 302591.235 302591.835 302592.472 302593.034 302593.653 302594.122 302594.571 302595.003 302595.302 302595.565 302595.827 302595.958 302596.146 302596.333 302596.390 302596.521 302596.596 302596.633 302596.708 302596.858 302596.877 302596.858 302596.896 302596.905 302596.961 302597.036 302597.186 302597.261 302597.355 ,4123890.671 4123892.660 4123894.609 4123896.521 4123898.695 4123900.569 4123902.631 4123904.674 4123906.661 4123908.685 4123910.541 4123912.490 4123914.384 4123916.483 4123918.339 4123920.325 4123922.631 4123924.599 4123926.473 4123928.704 4123930.541 4123932.453 4123934.646 4123936.557 4123938.469 4123940.587 4123942.630 4123944.561 4123946.604 4123948.516 4123950.578 4123952.527 4123954.570 4123956.445 4123958.469 4123960.662 4123962.593 4123964.617 4123966.622 4123968.591 4123970.671 4123972.527 4123974.495 4123976.519 4123978.506 4123980.399 4123982.761 4123984.823 4123986.903 4123988.815 4123990.671 4123992.883 4123994.682 4123996.791 4123998.806 4124000.492 4124002.967 4124005.478 4124008.177 4124010.427 4124012.039 4124013.519 ,3,4,40,no
3,302597.587 302597.781 302598.112 302598.462 302598.481 302598.695 302599.026 302599.376 302599.590 302599.863 302600.038 302600.291 302600.448 302600.582 302600.680 302600.641 302600.641 302600.602 302600.602 302600.621 302600.621 302600.602 302600.560 302600.588 302600.569 302600.602 302600.541 302600.551 302600.513 302600.513 302600.551 302600.504 302600.504 302600.504 302600.523 302600.494 302600.485 302600.485 302600.457 302600.457 302600.419 302600.429 302600.415 302600.387 302600.401 302600.373 302600.373 302600.373 302600.373 302600.373 302600.387 302600.373 302600.401 302600.415 302600.387 302600.429 302600.457 302600.471 302600.485 302600.499 302600.485 302600.443 302600.464 302600.436 302600.408 302600.295 302600.281 302600.309 302600.352 302600.337 302600.380 302600.366 302600.352 302600.352 302600.337 302600.337 302600.323 302600.337 302600.295 302600.352 302600.211 302600.352 302600.267 302600.239 302600.267 302600.267 302600.295 302600.267 302600.239 302600.174 302600.145 302600.135 302600.035 302599.958 302599.930 302599.831 302599.775 302599.705 302599.635 302599.592 302599.550 302599.466 302599.367 302599.353 302599.269 302599.227 302599.157 302599.086 302599.016 302598.977 302598.968 302598.948 302598.977 302598.987 302598.889 302598.861 302598.861 302598.805 302598.721 302598.552 302598.440 302598.299 ,4124015.361 4124017.326 4124019.368 4124021.411 4124023.376 4124025.321 4124027.344 4124029.387 4124031.371 4124033.336 4124035.320 4124037.362 4124039.461 4124041.272 4124043.334 4124045.338 4124047.420 4124049.365 4124051.388 4124053.314 4124055.395 4124057.380 4124059.442 4124061.344 4124063.415 4124065.336 4124067.427 4124069.348 4124071.456 4124073.321 4124075.411 4124077.323 4124079.394 4124081.362 4124083.349 4124085.355 4124087.295 4124089.385 4124091.390 4124093.368 4124095.345 4124097.358 4124099.284 4124101.350 4124103.276 4124105.441 4124107.311 4124109.476 4124111.317 4124113.384 4124115.324 4124117.292 4124119.274 4124121.270 4124123.295 4124125.277 4124127.329 4124129.368 4124131.490 4124133.374 4124135.356 4124137.367 4124139.546 4124141.514 4124143.257 4124145.253 4124147.193 4124149.330 4124150.989 4124152.549 4124154.447 4124156.485 4124158.749 4124161.251 4124163.359 4124165.328 4124167.366 4124169.222 4124171.527 4124173.748 4124176.054 4124177.937 4124180.046 4124181.733 4124183.617 4124185.782 4124187.637 4124189.605 4124191.489 4124193.029 4124195.042 4124197.017 4124198.861 4124200.739 4124202.946 4124204.914 4124206.911 4124208.921 4124211.044 4124213.082 4124214.952 4124217.004 4124219.029 4124220.954 4124222.754 4124224.933 4124226.873 4124229.024 4124230.893 4124233.044 4124235.067 4124237.061 4124239.045 4124240.893 4124243.250 4124244.993 4124246.877 4124248.901 4124250.673 4124253.091 4124255.115 4124257.027 ,4,5,40,no
4,302598.270 302598.231 302598.095 302597.905 302597.725 302597.492 302597.200 302596.869 302596.443 302596.078 302595.544 302595.010 302594.340 302593.688 302592.901 302592.029 302590.961 302590.089 302588.937 302587.953 302586.772 302585.703 302584.410 302583.173 302581.813 302580.502 302578.843 302578.780 302577.233 302575.842 302574.422 302572.855 302571.174 302569.502 302567.969 302566.114 302564.160 302562.262 302560.603 302558.452 302556.414 302554.572 302552.492 302550.270 302548.190 302546.391 302544.394 302542.265 302540.121 302538.068 302535.903 302534.160 302532.248 302529.971 302528.228 302526.175 302524.292 302522.352 302520.552 302518.668 302517.150 302515.520 302513.861 302511.976 302510.149 302508.687 302507.535 302506.269 302505.145 302504.020 302502.867 302501.883 302501.068 302500.140 302499.273 302498.622 302498.116 302497.526 302497.019 302496.710 302496.457 302496.232 302496.092 302496.007 302496.007 302495.979 302495.979 302495.958 302495.916 302495.958 302495.958 302496.000 302496.000 302495.958 302495.916 302495.916 302495.874 302495.874 302495.832 302495.789 302495.810 302495.789 302495.789 302495.789 302495.747 302495.663 302495.663 302495.705 302495.747 302495.705 302495.747 302495.747 302495.705 302495.747 302495.705 302495.705 302495.663 302495.726 ,4124260.213 4124262.178 4124264.279 4124266.277 4124268.266 4124270.212 4124272.196 4124274.258 4124276.455 4124278.170 4124280.419 4124282.303 4124284.296 4124286.127 4124288.179 4124289.978 4124292.143 4124294.027 4124296.051 4124297.879 4124299.903 4124301.618 4124303.614 4124305.442 4124307.328 4124308.928 4124310.728 4124310.791 4124312.661 4124314.179 4124315.613 4124317.240 4124318.748 4124320.224 4124321.573 4124322.993 4124324.371 4124325.720 4124326.831 4124328.110 4124329.193 4124330.149 4124331.161 4124332.060 4124332.960 4124333.663 4124334.563 4124335.419 4124336.193 4124336.812 4124337.543 4124338.049 4124338.696 4124339.567 4124340.214 4124341.282 4124342.351 4124343.532 4124344.881 4124346.287 4124347.552 4124348.930 4124350.448 4124352.226 4124354.103 4124355.818 4124357.252 4124359.108 4124361.048 4124362.960 4124364.956 4124366.840 4124368.808 4124370.860 4124373.274 4124375.274 4124377.214 4124379.351 4124381.150 4124383.231 4124385.002 4124386.970 4124388.573 4124390.654 4124393.353 4124395.377 4124397.092 4124399.376 4124401.274 4124403.046 4124405.070 4124406.968 4124409.034 4124411.143 4124412.956 4124414.938 4124416.836 4124419.282 4124421.391 4124423.394 4124425.461 4124427.190 4124428.518 4124429.994 4124432.103 4124434.633 4124436.995 4124439.020 4124441.044 4124442.942 4124445.092 4124447.159 4124449.183 4124450.997 4124452.895 4124454.286 4124456.479 4124458.504 ,5,6,40,no
5,302496.282 302496.341 302496.730 302497.255 302498.247 302499.458 302500.766 302502.115 302503.634 302505.363 302506.480 302507.724 302508.652 302509.601 302510.740 302512.448 302514.198 302516.338 302518.284 ,4124461.188 4124463.289 4124465.234 4124467.315 4124469.300 4124470.797 4124471.915 4124472.990 4124474.192 4124475.732 4124477.081 4124478.789 4124480.350 4124482.015 4124483.618 4124484.946 4124485.642 4124486.127 4124486.263 ,6,7,40,no
6,302584.449 302586.431 302588.476 302590.342 302592.409 302594.402 302596.436 302598.419 302600.506 302602.509 302604.575 302606.600 302608.603 302610.628 302612.578 302614.434 302616.532 302618.588 302620.496 302622.489 302624.545 302626.316 302628.183 302630.049 302632.210 302634.076 302635.784 302637.429 302639.063 302640.455 302641.878 302643.207 302644.366 302645.377 302646.389 302647.459 302648.399 302649.285 302649.960 302650.592 302651.267 302651.837 302652.385 302652.912 302653.470 302653.917 302654.287 302654.540 302654.852 302655.232 302655.442 302655.622 302655.864 302656.101 302656.260 302656.370 302656.513 302656.623 302656.781 302657.031 302657.278 302657.466 302657.741 302657.973 302658.299 302658.603 302658.878 302659.038 302659.207 302659.477 302659.805 302660.269 302660.616 302660.771 302660.877 302661.012 302661.041 302661.076 302661.076 302660.996 302660.996 302661.012 302661.028 302661.044 302661.059 302661.107 302661.096 302661.134 302661.134 302661.096 302661.134 302661.096 302661.134 302661.134 302661.115 302661.173 302661.173 302661.173 302661.193 302661.173 302661.212 302661.232 302661.251 302661.251 302661.290 302661.290 302661.290 302661.348 302661.329 302661.348 302661.368 302661.426 302661.426 302661.426 302661.426 302661.426 302661.426 302661.485 302661.407 302661.423 302661.428 302661.460 302661.455 302661.486 302661.486 302661.518 302661.550 302661.521 302661.502 302661.513 302661.534 302661.597 302661.618 302661.629 302661.629 302661.608 302661.587 302661.608 302661.618 302661.639 302661.681 302661.660 302661.692 302661.703 302661.703 302661.755 302661.797 302661.871 302661.956 302662.019 302662.029 302662.008 302661.987 302661.940 302661.969 302661.984 302661.998 302661.984 302661.998 302662.013 302662.028 302662.042 302662.071 302662.071 302662.100 302662.100 302662.130 302662.124 302662.100 302662.115 302662.100 302662.130 302662.159 302662.144 302662.159 302662.173 302662.188 302662.159 302662.144 302662.144 302662.130 302662.115 302662.144 302662.188 302662.203 302662.203 302662.203 302662.217 302662.232 302662.188 302662.232 302662.290 302662.305 302662.319 302662.290 302662.290 302662.305 302662.319 302662.334 302662.334 302662.334 302662.305 302662.305 302662.305 302662.334 302662.334 302662.334 302662.334 302662.305 302662.290 302662.319 302662.305 302662.349 302662.334 302662.319 302662.319 302662.319 302662.356 302662.377 302662.388 302662.377 302662.398 302662.462 302662.472 302662.514 302662.493 302662.472 302662.462 302662.430 302662.462 302662.472 302662.462 302662.493 302662.504 302662.546 302662.578 302662.599 302662.599 302662.588 302662.641 302662.662 302662.694 302662.673 302662.599 302662.578 302662.609 302662.630 302662.651 302662.673 302662.715 302662.694 302662.736 302662.746 302662.767 302662.767 302662.725 302662.746 302662.746 302662.767 302662.746 302662.767 302662.746 302662.767 302662.767 302662.725 302662.704 302662.704 302662.715 302662.778 302662.820 302662.841 302662.904 302662.968 302663.052 302663.179 302663.210 302663.231 302663.284 302663.275 302663.319 302663.290 302663.304 302663.319 302663.275 302663.319 302663.304 302663.275 302663.333 302663.347 302663.442 302663.495 302663.621 302663.695 302663.758 302663.748 302663.769 302663.790 302663.811 302663.853 302663.853 302663.822 302663.790 302663.780 302663.748 302663.758 302663.786 302663.829 302663.859 302663.844 302663.844 302663.771 302663.742 302663.742 302663.771 302663.756 302663.713 302663.774 302663.938 302664.257 302664.470 302664.605 302664.605 302664.696 302664.712 302664.679 302664.728 302664.778 302664.776 302664.825 302664.858 302664.907 302664.957 302664.989 302664.989 302664.942 302664.958 302664.942 302664.958 302664.991 302664.991 302665.037 302665.028 302665.044 302665.044 302665.061 302665.061 302665.140 302665.161 302665.182 302665.245 302665.245 302665.287 302665.266 302665.308 302665.329 302665.245 302665.266 302665.308 302665.329 302665.266 302665.266 302665.189 302665.076 302664.975 302665.008 302664.942 302664.942 302664.942 302665.008 302665.008 302665.008 302665.040 302665.057 302665.073 302665.139 302665.172 302665.188 302665.221 302665.270 302665.303 302665.319 302665.336 302665.303 302665.369 302665.369 302665.401 302665.270 302665.500 302665.927 302666.353 302667.240 302668.093 302668.848 302669.078 302669.004 302668.720 302668.506 302668.204 302667.901 302667.510 302667.065 302666.638 302666.158 302665.713 302665.270 302664.778 302664.147 302663.268 302662.447 302532.322 302530.235 302528.516 302558.090 302555.918 302554.105 302552.080 302550.193 302548.042 302545.934 302544.236 302574.386 302572.324 302570.194 302568.201 302565.755 ,4124490.545 4124490.587 4124490.619 4124490.650 4124490.693 4124490.650 4124490.640 4124490.608 4124490.471 4124490.334 4124490.071 4124489.723 4124489.364 4124488.837 4124488.247 4124487.709 4124486.950 4124486.117 4124485.178 4124484.092 4124482.922 4124481.794 4124480.487 4124479.042 4124477.355 4124475.689 4124473.855 4124471.989 4124470.028 4124468.151 4124466.190 4124464.134 4124462.165 4124460.123 4124458.197 4124456.154 4124454.155 4124452.067 4124450.053 4124448.071 4124445.920 4124443.938 4124442.188 4124440.142 4124438.121 4124436.156 4124434.211 4124432.168 4124430.184 4124428.244 4124426.262 4124424.280 4124422.245 4124420.221 4124418.307 4124416.109 4124414.148 4124412.297 4124410.178 4124407.782 4124405.023 4124403.161 4124401.155 4124399.352 4124397.172 4124395.050 4124393.080 4124391.073 4124389.238 4124387.095 4124385.163 4124383.000 4124380.991 4124379.794 4124378.442 4124376.173 4124374.251 4124372.224 4124370.240 4124368.078 4124365.627 4124363.539 4124361.578 4124359.491 4124357.672 4124355.553 4124353.607 4124351.662 4124349.716 4124347.635 4124345.690 4124343.628 4124341.643 4124339.679 4124337.578 4124335.691 4124333.707 4124331.645 4124329.680 4124327.676 4124325.653 4124323.688 4124321.646 4124319.564 4124317.658 4124315.674 4124313.650 4124311.277 4124309.254 4124307.289 4124305.344 4124303.282 4124301.317 4124299.236 4124297.213 4124295.267 4124293.264 4124291.299 4124289.209 4124287.279 4124285.076 4124283.041 4124281.254 4124279.182 4124277.363 4124275.212 4124273.141 4124272.690 4124269.245 4124267.305 4124265.238 4124263.182 4124261.253 4124259.176 4124257.194 4124255.212 4124253.261 4124251.279 4124249.181 4124247.294 4124245.216 4124243.203 4124241.147 4124239.165 4124237.330 4124235.126 4124233.155 4124231.162 4124229.169 4124227.061 4124225.142 4124223.276 4124221.199 4124219.206 4124217.265 4124215.252 4124213.268 4124211.225 4124209.255 4124207.257 4124205.272 4124203.244 4124201.246 4124199.218 4124197.263 4124195.220 4124193.265 4124191.371 4124189.238 4124187.239 4124185.255 4124183.242 4124181.258 4124179.230 4124177.216 4124175.261 4124173.262 4124171.249 4124169.265 4124167.280 4124165.238 4124163.181 4124161.240 4124159.227 4124157.214 4124155.273 4124153.260 4124151.202 4124149.233 4124147.176 4124145.235 4124143.266 4124141.281 4124139.268 4124137.240 4124135.241 4124133.242 4124131.244 4124129.230 4124127.231 4124125.247 4124123.248 4124121.264 4124119.236 4124117.223 4124115.282 4124113.211 4124111.197 4124109.228 4124107.243 4124105.230 4124103.217 4124101.203 4124099.263 4124097.249 4124095.251 4124093.237 4124091.209 4124089.354 4124087.224 4124085.115 4124083.154 4124081.193 4124079.253 4124077.155 4124075.183 4124073.296 4124071.304 4124069.311 4124067.234 4124065.241 4124063.206 4124061.287 4124059.284 4124057.249 4124055.204 4124053.390 4124051.229 4124049.321 4124047.212 4124045.219 4124043.142 4124041.313 4124039.436 4124037.212 4124035.324 4124033.184 4124031.044 4124029.167 4124027.290 4124025.287 4124023.452 4124021.038 4124018.950 4124017.158 4124015.218 4124013.405 4124011.169 4124009.356 4124007.268 4124005.307 4124003.178 4124001.238 4123999.276 4123997.252 4123995.270 4123993.119 4123990.979 4123989.165 4123987.078 4123985.180 4123983.282 4123981.448 4123979.191 4123977.315 4123975.343 4123973.277 4123971.242 4123969.209 4123967.225 4123965.284 4123963.256 4123961.258 4123959.244 4123957.231 4123955.144 4123953.262 4123951.234 4123949.333 4123947.319 4123945.178 4123943.154 4123941.045 4123939.190 4123937.060 4123935.173 4123933.191 4123931.156 4123929.258 4123927.181 4123925.188 4123923.238 4123921.234 4123919.094 4123917.175 4123915.219 4123913.323 4123911.207 4123909.267 4123907.253 4123905.152 4123903.212 4123901.242 4123899.214 4123897.216 4123895.217 4123893.001 4123891.151 4123889.244 4123887.023 4123885.401 4123882.929 4123880.868 4123878.832 4123876.830 4123874.909 4123872.858 4123871.187 4123869.119 4123867.215 4123865.180 4123863.226 4123861.175 4123859.205 4123856.639 4123854.587 4123852.634 4123850.664 4123848.613 4123846.610 4123844.711 4123843.087 4123841.051 4123839.082 4123837.096 4123835.093 4123833.187 4123831.015 4123829.054 4123826.650 4123824.541 4123822.475 4123820.746 4123818.679 4123816.908 4123815.242 4123813.154 4123811.067 4123809.085 4123807.377 4123805.205 4123803.282 4123801.114 4123799.138 4123797.201 4123795.199 4123793.131 4123791.227 4123789.224 4123787.206 4123785.219 4123783.283 4123781.264 4123779.261 4123777.226 4123775.224 4123773.238 4123771.219 4123769.298 4123767.247 4123765.261 4123763.373 4123761.141 4123759.204 4123757.202 4123755.101 4123753.262 4123751.063 4123749.126 4123747.255 4123745.187 4123743.152 4123741.379 4123739.245 4123737.115 4123734.980 4123733.272 4123731.191 4123729.340 4123726.974 4123724.946 4123723.042 4123721.138 4123719.286 4123717.169 4123715.216 4123713.345 4123711.178 4123709.208 4124487.213 4124487.045 4124486.886 4124489.290 4124489.122 4124488.911 4124488.763 4124488.668 4124488.510 4124488.373 4124488.247 4124490.231 4124490.173 4124490.081 4124489.965 4124489.817 4124489.723 4124489.586 4124489.417 4124486.718 4124486.612 4124486.507 4124486.380 4124488.057 4124487.878 4124490.231 ,7,8,40,no
7,302661.692 302661.052 302660.239 302659.353 302658.578 302657.582 302656.479 302655.411 302654.486 302653.241 302652.280 302651.355 302650.252 302648.828 302647.583 302646.160 302644.843 302643.348 302641.996 302640.395 302638.865 302637.050 302635.022 302633.065 302631.357 302629.471 302627.478 302625.628 302623.457 302621.464 302619.507 302617.479 302615.486 302613.707 302611.750 302609.651 302607.578 302605.834 302603.548 302601.422 302599.376 302597.516 302595.381 302593.415 302591.432 302589.386 302587.268 302585.270 302583.252 302581.282 302579.238 302577.244 302575.324 302573.355 302571.505 302569.521 302567.617 302565.518 302563.427 302561.425 302559.424 302557.378 302555.421 302553.295 302551.257 302549.202 302547.245 302545.279 302543.293 302541.249 302539.408 302537.310 302535.291 302533.322 302531.303 302529.284 302527.240 302525.295 302523.289 302521.307 302519.313 302517.355 302515.220 302513.192 302511.323 302509.366 302507.409 302505.327 302503.353 302501.253 302499.332 302497.286 302495.293 302493.282 302491.521 302489.337 302487.294 302485.312 302483.248 302481.237 302479.245 302477.341 302475.295 302473.124 302470.918 302469.210 302467.057 302465.153 302463.267 302461.270 302459.301 302457.257 302455.361 302453.553 302451.880 302450.172 302448.518 302447.112 302445.564 302444.248 302443.091 302442.148 302441.259 302440.511 302439.800 302439.177 302438.501 302438.003 302437.451 302436.989 302436.508 302436.046 302435.690 302435.530 302435.547 302435.654 302435.797 302436.099 302436.453 302436.882 302437.380 302437.932 302438.714 302439.373 ,4123707.222 4123705.253 4123703.234 4123701.215 4123699.058 4123696.923 4123695.109 4123693.009 4123691.301 4123689.095 4123687.173 4123685.465 4123683.544 4123681.729 4123679.914 4123677.886 4123676.214 4123674.470 4123672.975 4123671.267 4123669.559 4123667.780 4123665.930 4123664.293 4123662.727 4123661.019 4123659.560 4123658.101 4123656.785 4123655.361 4123654.045 4123652.906 4123651.661 4123650.522 4123649.561 4123648.476 4123647.399 4123646.430 4123645.238 4123644.152 4123643.058 4123642.089 4123640.923 4123639.900 4123638.868 4123637.818 4123636.644 4123635.602 4123634.494 4123633.460 4123632.376 4123631.318 4123630.185 4123629.074 4123628.042 4123627.010 4123625.969 4123624.946 4123623.887 4123622.740 4123621.628 4123620.462 4123619.377 4123618.123 4123617.011 4123615.926 4123614.885 4123613.888 4123612.951 4123611.892 4123610.908 4123609.849 4123608.766 4123607.658 4123606.550 4123605.319 4123604.211 4123603.263 4123602.241 4123601.256 4123600.284 4123599.262 4123598.356 4123597.626 4123597.046 4123596.470 4123596.086 4123595.705 4123595.438 4123595.153 4123595.011 4123594.833 4123594.780 4123594.744 4123594.744 4123594.880 4123595.126 4123595.420 4123595.776 4123596.345 4123596.915 4123597.502 4123598.160 4123599.032 4123599.939 4123600.829 4123602.003 4123603.249 4123604.423 4123605.836 4123607.288 4123608.839 4123610.341 4123612.198 4123614.084 4123616.077 4123618.123 4123619.938 4123622.126 4123624.083 4123626.165 4123628.211 4123630.221 4123632.303 4123634.296 4123636.288 4123638.174 4123640.114 4123642.266 4123644.152 4123646.110 4123648.334 4123650.148 4123652.319 4123654.365 4123656.162 4123658.226 4123660.290 4123662.241 4123664.453 4123666.268 4123667.780 4123669.328 4123670.912 ,8,9,40,no
8,302439.497 302439.995 302440.458 302441.099 302441.668 302442.308 302443.02 302443.678 302444.354 302444.959 302445.653 302446.383 302447.094 302447.788 302448.536 302449.407 302450.101 302450.973 302451.827 302452.717 302453.553 302454.443 ,4123671.25 4123672.495 4123673.723 4123674.968 4123676.249 4123677.619 4123679.042 4123680.448 4123681.889 4123683.135 4123684.594 4123685.928 4123687.298 4123688.632 4123690.056 4123691.532 4123692.885 4123694.432 4123696.105 4123697.653 4123699.183 4123700.766 ,9,10,40,no
9,302455.065 302455.777 302456.506 302457.165 302457.681 302458.357 302458.908 302459.549 302460.136 302460.741 302461.257 302461.862 302462.502 302463.089 302463.819 302464.335 ,4123701.887 4123703.026 4123704.307 4123705.446 4123706.406 4123707.616 4123708.684 4123709.876 4123710.872 4123711.922 4123712.972 4123713.968 4123715.018 4123716.067 4123717.491 4123718.434 ,10,11,40,no
10,302498.252 302498.787 302499.156 302499.668 302500.180 302500.930 302501.549 302502.251 302503.061 302503.930 302504.846 302505.882 302506.727 302507.501 302508.251 302508.798 302509.572 302510.072 ,4123779.378 4123780.187 4123780.782 4123781.437 4123782.128 4123782.937 4123783.508 4123784.104 4123784.770 4123785.294 4123785.758 4123786.020 4123786.020 4123785.961 4123785.853 4123785.746 4123785.532 4123785.413 ,2,12,40,no
11,302498.263 302498.775 302499.180 302499.644 302500.156 302500.549 302500.977 302501.406 302501.841 302502.251 302502.650 302503.132 302503.561 302503.906 302504.346 302504.799 302505.263 302505.882 302506.429 302506.918 302507.346 302507.798 302508.251 302508.715 ,4123779.393 4123780.369 4123781.059 4123781.952 4123782.833 4123783.571 4123784.357 4123785.178 4123785.981 4123786.666 4123787.404 4123788.261 4123789.070 4123789.713 4123790.463 4123791.273 4123792.142 4123793.332 4123794.261 4123795.130 4123795.879 4123796.748 4123797.534 4123798.439 ,2,18,40,no
12,302498.269 302498.716 302499.073 302499.406 302499.716 302500.085 302500.478 302500.787 302501.085 302501.335 302501.513 302501.775 302501.894 302501.942 302501.989 302501.966 302501.882 302501.716 302501.513 302501.311 302500.966 302500.513 302500.085 302499.609 302499.359 302499.061 302498.728 302498.353 302497.936 302497.531 302496.841 ,4123779.393 4123780.271 4123780.925 4123781.604 4123782.330 4123783.092 4123783.925 4123784.675 4123785.556 4123786.294 4123786.972 4123787.710 4123788.365 4123789.056 4123789.746 4123790.496 4123791.174 4123791.782 4123792.365 4123793.067 4123793.722 4123794.341 4123794.829 4123795.329 4123795.564 4123795.868 4123796.165 4123796.433 4123796.641 4123796.826 4123797.112 ,2,22,40,no
13,302511.832 302513.650 302515.293 302517.155 302519.055 302520.924 302523.068 302525.382 302527.019 302529.000 302530.587 ,4123784.589 4123783.598 4123782.720 4123781.717 4123780.651 4123779.623 4123778.425 4123777.134 4123776.231 4123775.146 4123774.262 ,12,13,40,no
14,302533.182 302534.086 302534.879 302535.833 302536.777 302537.711 302538.656 302539.519 302540.433 302541.237 302542.151 302542.924 302543.698 302544.451 302545.224 302545.957 302546.741 302547.544 302548.318 302548.941 ,4123772.795 4123772.413 4123772.112 4123771.791 4123771.519 4123771.238 4123771.088 4123770.997 4123770.997 4123771.007 4123771.148 4123771.288 4123771.439 4123771.720 4123771.971 4123772.293 4123772.695 4123773.126 4123773.518 4123773.840 ,13,14,40,no
15,302550.921 302551.868 302552.878 302553.611 302554.238 302554.891 302555.461 302556.157 302556.897 302557.813 302558.665 302559.606 302560.496 302561.418 302562.239 302563.117 302563.964 ,4123775.209 4123776.061 4123777.096 4123778.087 4123778.996 4123780.087 4123781.128 4123782.413 4123783.724 4123785.373 4123786.922 4123788.652 4123790.220 4123791.825 4123793.311 4123794.879 4123796.396 ,14,15,40,no
16,302565.241 302565.705 302566.181 302566.610 302567.258 302567.776 302568.062 302568.410 302568.749 302569.017 302569.258 302569.499 302569.669 302569.740 302569.821 302569.856 302569.856 302569.749 302569.642 302569.490 302569.223 302568.955 302568.651 302568.196 302567.732 302567.339 302566.839 302566.312 302565.839 302565.357 302564.759 302564.194 302563.491 302562.888 302562.292 302561.629 ,4123798.730 4123799.576 4123800.373 4123801.064 4123802.010 4123802.849 4123803.447 4123804.054 4123804.697 4123805.313 4123805.885 4123806.501 4123807.001 4123807.572 4123808.161 4123808.724 4123809.376 4123810.009 4123810.617 4123811.277 4123811.991 4123812.563 4123813.170 4123813.777 4123814.357 4123814.857 4123815.295 4123815.768 4123816.080 4123816.384 4123816.750 4123817.134 4123817.583 4123817.917 4123818.219 4123818.527 ,15,29,40,no
17,302565.292 302565.654 302565.955 302566.246 302566.568 302566.859 302567.190 302567.482 302567.733 302568.034 302568.355 302568.677 302569.018 302569.300 302569.601 302569.862 302570.183 302570.445 302570.736 302571.037 302571.338 302571.569 302571.831 302572.092 302572.333 302572.654 302572.966 302573.247 302573.578 302573.930 302574.201 302574.522 302574.854 302575.155 302575.466 302575.768 302576.039 302576.360 302576.682 302576.993 302577.325 302577.616 ,4123798.688 4123799.361 4123799.883 4123800.446 4123800.998 4123801.501 4123802.063 4123802.646 4123803.098 4123803.620 4123804.182 4123804.765 4123805.388 4123805.950 4123806.452 4123806.934 4123807.457 4123807.959 4123808.501 4123809.054 4123809.526 4123809.988 4123810.409 4123810.902 4123811.394 4123811.946 4123812.489 4123812.991 4123813.563 4123814.196 4123814.728 4123815.281 4123815.873 4123816.406 4123816.968 4123817.511 4123818.063 4123818.635 4123819.178 4123819.740 4123820.323 4123820.815 ,15,16,40,no
18,302578.787 302579.897 302580.724 302581.703 302582.806 302583.784 302584.863 302585.716 302586.581 302587.384 302587.935 302588.525 302589.064 302589.515 302589.979 302590.343 302590.594 302590.694 302590.832 302590.845 302590.687 302590.399 302590.048 302589.370 302588.575 302586.869 302584.913 302582.656 302580.209 302577.439 302575.356 302573.237 302571.043 302568.886 302567.431 302565.849 ,4123823.039 4123824.870 4123826.475 4123828.218 4123830.300 4123832.068 4123833.874 4123835.567 4123837.097 4123838.426 4123839.568 4123840.734 4123841.825 4123843.041 4123844.233 4123845.462 4123846.653 4123847.794 4123849.036 4123850.302 4123852.066 4123853.508 4123854.806 4123856.493 4123857.852 4123860.109 4123862.015 4123863.671 4123865.146 4123866.681 4123867.848 4123869.008 4123870.267 4123871.421 4123872.249 4123873.128 ,16,17,40,no
19,302510.062 302510.711 302511.539 302512.245 302512.912 302513.589 302514.248 302514.699 302515.273 302515.837 302516.458 302517.050 302517.577 302518.066 302518.678 302519.223 ,4123800.701 4123801.952 4123803.533 4123804.759 4123805.922 4123807.182 4123808.292 4123809.195 4123810.154 4123811.217 4123812.346 4123813.428 4123814.349 4123815.299 4123816.315 4123817.321 ,18,19,40,no
20,302520.154 302520.651 302521.284 302521.751 302522.369 302523.017 302523.634 302524.086 302524.772 302525.401 302526.034 302526.666 302527.435 302528.098 302528.926 302529.800 302530.553 302531.457 302532.271 302533.130 302533.898 302534.636 302535.495 302536.263 302537.243 302538.056 302539.036 302540.165 302540.994 ,4123819.004 4123819.983 4123820.963 4123821.912 4123822.967 4123824.081 4123825.211 4123826.010 4123826.707 4123827.354 4123827.863 4123828.345 4123828.692 4123829.038 4123829.354 4123829.550 4123829.671 4123829.761 4123829.746 4123829.701 4123829.596 4123829.445 4123829.204 4123828.933 4123828.435 4123827.983 4123827.275 4123826.447 4123825.844 ,19,32,40,no
21,302520.132 302520.523 302520.938 302521.344 302521.721 302522.060 302522.399 302522.761 302523.115 302523.469 302523.800 302524.086 302524.380 302524.682 302524.990 302525.262 302525.548 302525.834 302526.105 302526.384 302526.663 302526.911 302527.243 302527.567 302527.913 302528.245 302528.795 302529.367 302529.970 302530.542 302531.069 302531.537 302532.079 302532.636 302533.133 302533.661 302534.143 302534.580 302535.092 302535.529 302535.966 302536.403 302536.779 ,4123818.982 4123819.705 4123820.451 4123821.174 4123821.852 4123822.477 4123823.057 4123823.697 4123824.330 4123824.993 4123825.580 4123826.093 4123826.643 4123827.140 4123827.682 4123828.179 4123828.699 4123829.211 4123829.716 4123830.206 4123830.688 4123831.125 4123831.742 4123832.360 4123832.955 4123833.543 4123834.492 4123835.577 4123836.661 4123837.641 4123838.545 4123839.464 4123840.473 4123841.392 4123842.281 4123843.275 4123844.104 4123844.933 4123845.837 4123846.605 4123847.449 4123848.232 4123848.925 ,19,20,40,no
22,302520.143 302520.557 302520.957 302521.378 302521.770 302522.169 302522.471 302522.757 302523.013 302523.254 302523.525 302523.721 302523.894 302524.120 302524.354 302524.595 302524.859 302525.085 302525.318 302525.552 302525.778 302525.996 302526.162 302526.327 302526.440 302526.486 302526.546 302526.561 302526.591 302526.576 302526.516 302526.425 302526.335 302526.199 302526.011 302525.770 302525.559 302525.250 302524.934 302524.595 302524.218 302523.804 302523.344 302522.975 302522.633 302522.203 302521.781 302521.386 302521.039 302520.715 302520.422 302520.113 302519.488 302518.825 302518.252 302517.740 302517.273 302516.731 302516.128 302515.540 302514.998 302514.425 302513.868 302513.491 ,4123818.982 4123819.765 4123820.466 4123821.151 4123821.987 4123822.658 4123823.132 4123823.697 4123824.112 4123824.556 4123825.128 4123825.543 4123825.912 4123826.349 4123826.854 4123827.321 4123827.803 4123828.270 4123828.744 4123829.204 4123829.686 4123830.168 4123830.597 4123831.080 4123831.531 4123831.931 4123832.383 4123832.842 4123833.264 4123833.686 4123834.168 4123834.635 4123835.177 4123835.629 4123836.149 4123836.661 4123837.151 4123837.656 4123838.078 4123838.522 4123838.966 4123839.403 4123839.788 4123840.089 4123840.326 4123840.612 4123840.884 4123841.140 4123841.362 4123841.569 4123841.776 4123841.938 4123842.228 4123842.545 4123842.846 4123843.117 4123843.373 4123843.675 4123843.961 4123844.247 4123844.503 4123844.759 4123845.015 4123845.211 ,19,27,40,no
23,302512.058 302511.201 302510.545 302509.852 302509.212 302508.624 302508.026 302507.550 302507.048 302506.534 302506.117 302505.767 302504.917 302504.133 302503.392 302502.704 302502.133 302501.530 302500.944 302500.388 302499.826 302499.269 302498.692 302498.192 302497.584 302497.001 302496.394 ,4123845.941 4123846.401 4123846.756 4123847.110 4123847.486 4123847.787 4123848.115 4123848.369 4123848.639 4123848.920 4123849.163 4123849.369 4123849.835 4123850.279 4123850.671 4123851.052 4123851.369 4123851.729 4123852.046 4123852.361 4123852.660 4123852.980 4123853.306 4123853.589 4123853.930 4123854.258 4123854.586 ,27,26,40,no
24,302494.964 302494.191 302493.488 302492.935 302492.323 302491.720 302491.228 302490.625 302490.274 302489.902 302489.480 302489.088 302488.717 302488.467 302488.240 302488.094 302487.953 302487.833 302487.743 302487.702 302487.692 302487.662 302487.642 302487.647 302487.662 302487.657 302487.697 302487.798 302487.994 302488.245 302488.441 302488.692 302488.953 302489.244 302489.535 302489.907 302490.218 ,4123855.285 4123855.696 4123856.088 4123856.400 4123856.731 4123857.093 4123857.374 4123857.745 4123858.007 4123858.348 4123858.760 4123859.242 4123859.744 4123860.179 4123860.721 4123861.140 4123861.622 4123862.044 4123862.531 4123862.938 4123863.330 4123863.812 4123864.078 4123864.364 4123864.621 4123864.857 4123865.108 4123865.339 4123865.725 4123866.197 4123866.579 4123867.041 4123867.463 4123867.925 4123868.487 4123869.090 4123869.763 ,26,24,40,no
25,302491.384 302491.976 302492.654 302493.246 302493.825 302494.431 302494.967 302495.574 302496.138 302496.576 302497.126 302497.521 302497.944 302498.212 302498.551 302498.904 302499.299 302499.651 302500.498 302501.203 302501.993 302502.755 302503.517 302504.335 302505.252 302506.000 302506.804 302507.651 302508.469 302509.400 302510.345 302511.220 302512.123 302513.026 302513.858 302514.564 302515.368 302516.595 302517.766 302518.754 302519.713 302520.800 302521.844 302522.845 302523.875 302524.743 302525.752 302526.648 302527.649 302528.637 302529.610 302530.485 302531.515 302532.460 302533.448 302534.450 302535.691 302536.636 ,4123871.883 4123872.884 4123874.112 4123875.240 4123876.270 4123877.286 4123878.344 4123879.360 4123880.376 4123881.265 4123882.111 4123882.901 4123883.550 4123884.072 4123884.622 4123885.257 4123885.892 4123886.513 4123887.825 4123888.841 4123889.969 4123891.014 4123891.973 4123892.848 4123893.793 4123894.583 4123895.218 4123895.782 4123896.276 4123896.671 4123896.925 4123897.038 4123897.066 4123897.052 4123896.953 4123896.756 4123896.586 4123896.149 4123895.683 4123895.175 4123894.653 4123894.131 4123893.567 4123892.989 4123892.431 4123891.959 4123891.387 4123890.887 4123890.372 4123889.737 4123889.201 4123888.777 4123888.171 4123887.635 4123887.098 4123886.534 4123885.857 4123885.321 ,24,25,40,no
26,302542.717 302543.884 302544.975 302546.404 302547.702 302548.880 302550.110 302551.295 302552.600 302553.712 302554.604 302555.998 302557.011 302558.535 ,4123824.835 4123824.176 4123823.593 4123822.747 4123822.050 4123821.411 4123820.715 4123820.075 4123819.353 4123818.735 4123818.234 4123817.461 4123816.962 4123816.167 ,32,33,40,no
27,302559.597 302560.370 302561.345 302562.299 302563.263 302564.107 302564.900 302566.025 302567.472 302568.677 302569.812 302570.706 302571.539 302572.383 302573.066 302573.699 302574.231 302574.653 302575.115 302575.537 302576.014 302576.491 302576.933 302577.365 302577.656 ,4123815.612 4123815.291 4123814.899 4123814.477 4123814.055 4123813.603 4123813.252 4123812.900 4123812.699 4123812.710 4123812.770 4123813.031 4123813.443 4123813.905 4123814.417 4123815.050 4123815.642 4123816.175 4123816.757 4123817.450 4123818.294 4123819.077 4123819.710 4123820.303 4123820.825 ,33,16,40,no
28,302559.212 302558.006 302556.917 302555.815 302554.620 302553.498 302552.366 302551.109 302550.041 302548.748 302547.607 302546.610 302545.566 302544.895 302544.098 ,4123819.685 4123820.344 4123820.951 4123821.558 4123822.225 4123822.834 4123823.459 4123824.157 4123824.763 4123825.458 4123826.107 4123826.658 4123827.242 4123827.608 4123828.041 ,29,28,40,no
29,302542.297 302541.288 302540.068 302539.073 302538.410 302537.597 302536.783 302536.015 302535.397 302534.825 302534.403 302534.056 302533.906 302533.860 302533.845 302533.921 302534.026 302534.086 302534.181 302534.263 302534.358 302534.523 302534.719 302534.855 302535.066 302535.457 302535.909 302536.437 302536.798 ,4123828.835 4123829.407 4123830.100 4123830.643 4123831.034 4123831.652 4123832.300 4123833.098 4123833.957 4123834.846 4123835.825 4123836.895 4123837.859 4123838.763 4123839.501 4123840.315 4123841.143 4123841.912 4123842.556 4123843.121 4123843.494 4123844.093 4123844.725 4123845.223 4123845.765 4123846.503 4123847.317 4123848.326 4123848.944 ,28,20,40,no
30,302537.475 302537.920 302538.438 302538.978 302539.634 302540.237 302540.904 302541.623 302542.463 302543.110 302543.697 302544.226 302544.776 302545.303 302545.835 302546.210 ,4123850.160 4123850.970 4123851.901 4123852.853 4123854.038 4123855.107 4123856.377 4123857.668 4123859.161 4123860.321 4123861.413 4123862.323 4123863.318 4123864.278 4123865.265 4123865.984 ,20,21,40,no
31,302547.050 302547.923 302548.579 302549.200 302549.720 302550.251 302550.940 302551.517 302552.036 302552.522 302553.042 302553.607 302554.082 302554.568 302555.042 302555.607 302555.991 302556.387 302556.839 302557.212 302557.630 302558.014 302558.375 302558.782 ,4123867.513 4123869.080 4123870.127 4123871.167 4123872.139 4123873.110 4123874.286 4123875.291 4123876.195 4123877.122 4123878.060 4123878.997 4123879.834 4123880.636 4123881.574 4123882.489 4123883.246 4123883.924 4123884.749 4123885.404 4123886.105 4123886.749 4123887.461 4123888.127 ,21,3,40,no
32,302563.728 302562.251 302561.001 302559.886 302558.982 302558.153 302557.385 302556.858 302556.481 302556.315 302556.210 302556.240 302556.360 302556.571 302556.812 302557.068 302557.309 302557.611 302557.867 302558.198 302558.454 302558.771 302558.922 ,4123874.233 4123874.986 4123875.559 4123876.222 4123876.899 4123877.683 4123878.466 4123879.220 4123880.063 4123880.832 4123881.600 4123882.278 4123882.896 4123883.664 4123884.282 4123884.930 4123885.427 4123885.969 4123886.512 4123887.114 4123887.581 4123888.139 4123888.350 ,17,3,40,no
33,302537.991 302538.952 302539.935 302541.020 302542.195 302543.291 302544.500 302545.618 302546.568 302547.404 302548.477 302549.562 302550.545 302551.370 302552.082 302552.782 302553.426 302553.969 302554.488 302554.974 302555.404 302555.777 302556.161 302556.556 302556.935 302557.251 302557.582 302557.884 302558.291 302558.630 302558.935 ,4123884.466 4123883.924 4123883.359 4123882.760 4123882.218 4123881.811 4123881.404 4123881.088 4123880.851 4123880.613 4123880.342 4123880.229 4123880.286 4123880.387 4123880.613 4123880.862 4123881.190 4123881.528 4123881.913 4123882.342 4123882.721 4123883.077 4123883.523 4123883.992 4123884.596 4123885.336 4123885.944 4123886.523 4123887.246 4123887.913 4123888.421 ,25,3,40,no
34,302494.978 302493.539 302492.382 302491.641 302490.872 302490.231 302489.546 302488.897 302488.213 302487.606 302486.986 302486.414 302485.695 302484.883 302484.129 302483.346 302482.633 302482.055 302481.413 302480.785 302480.249 302479.600 302478.986 302478.365 302477.773 302477.279 302476.757 302476.214 302475.741 302475.233 302474.711 302474.052 302473.406 302472.066 302470.754 302469.710 302468.751 302467.932 302467.446 302466.959 302466.522 302466.183 302465.950 302465.830 302465.774 302465.788 302465.844 302466.021 302466.197 302466.373 302466.613 302466.825 302467.029 302467.294 302467.516 302467.752 302468.147 302468.497 302468.832 302469.174 302469.629 302470.144 302470.652 302471.181 302471.653 302472.077 302472.408 302472.704 302473.170 302473.473 302473.763 302474.165 302474.793 302475.300 302475.837 302476.274 302476.824 302477.374 302477.854 ,4123798.064 4123798.883 4123799.475 4123799.913 4123800.350 4123800.703 4123801.084 4123801.457 4123801.810 4123802.135 4123802.487 4123802.805 4123803.193 4123803.644 4123804.053 4123804.477 4123804.872 4123805.203 4123805.535 4123805.887 4123806.212 4123806.565 4123806.903 4123807.235 4123807.531 4123807.813 4123808.102 4123808.392 4123808.688 4123808.949 4123809.217 4123809.616 4123810.007 4123810.839 4123811.855 4123812.744 4123813.746 4123814.790 4123815.523 4123816.391 4123817.386 4123818.345 4123819.276 4123820.363 4123821.357 4123822.366 4123823.220 4123824.115 4123824.863 4123825.590 4123826.274 4123826.831 4123827.427 4123828.013 4123828.535 4123829.018 4123829.787 4123830.499 4123831.159 4123831.847 4123832.647 4123833.603 4123834.485 4123835.458 4123836.333 4123837.074 4123837.716 4123838.224 4123839.095 4123839.673 4123840.160 4123840.830 4123841.959 4123842.932 4123843.835 4123844.611 4123845.599 4123846.530 4123847.461 ,22,23,40,no
35,302478.803 302479.225 302479.607 302479.959 302480.370 302480.702 302481.204 302481.576 302481.947 302482.309 302482.731 302483.152 302483.504 302483.765 302484.107 302484.292 302484.448 302484.639 302484.810 302484.945 302485.056 302485.147 302485.200 302485.260 302485.317 302485.368 302485.417 302485.458 302485.496 302485.533 302485.571 302485.611 302485.657 302485.699 302485.736 302485.778 302485.814 302485.857 302485.889 302485.933 302485.994 302486.134 302486.265 302486.436 302486.561 302486.682 302486.827 302486.953 302487.068 302487.410 302487.731 302488.063 302488.414 302488.776 302489.208 302489.650 302490.082 ,4123849.252 4123849.915 4123850.598 4123851.281 4123852.004 4123852.637 4123853.501 4123854.174 4123854.836 4123855.519 4123856.283 4123856.996 4123857.639 4123858.151 4123858.713 4123859.080 4123859.361 4123859.673 4123859.994 4123860.230 4123860.451 4123860.604 4123860.705 4123860.811 4123860.913 4123861.002 4123861.090 4123861.164 4123861.233 4123861.295 4123861.368 4123861.439 4123861.518 4123861.594 4123861.665 4123861.739 4123861.808 4123861.882 4123861.946 4123862.018 4123862.118 4123862.364 4123862.636 4123862.917 4123863.153 4123863.384 4123863.625 4123863.856 4123864.082 4123864.654 4123865.227 4123865.870 4123866.513 4123867.165 4123867.889 4123868.642 4123869.475 ,23,24,40,no
36,302478.814 302479.206 302479.668 302480.110 302480.582 302481.084 302481.596 302482.078 302482.691 302483.494 302484.459 302485.483 302486.642 302487.664 302488.798 302489.902 302490.997 302492.182 ,4123849.239 4123849.892 4123850.676 4123851.429 4123852.122 4123852.714 4123853.247 4123853.729 4123854.131 4123854.392 4123854.522 4123854.603 4123854.566 4123854.357 4123854.020 4123853.598 4123853.126 4123852.664 ,23,30,40,no
37,302494.325 302495.165 302496.442 302497.542 302498.854 302500.103 302501.288 302502.367 302503.552 302504.737 302505.873 302507.051 302508.060 302509.132 302510.303 ,4123851.708 4123851.235 4123850.516 4123849.944 4123849.168 4123848.498 4123847.849 4123847.221 4123846.579 4123845.959 4123845.296 4123844.647 4123844.110 4123843.497 4123842.820 ,30,31,40,no
38,302511.879 302513.356 302515.103 302517.167 302519.156 302521.130 302523.118 302525.152 302526.900 302528.693 302530.199 302532.173 302533.860 302535.759 302537.326 302538.923 302540.685 ,4123841.938 4123841.110 4123840.191 4123838.985 4123837.886 4123836.756 4123835.701 4123834.571 4123833.577 4123832.582 4123831.724 4123830.594 4123829.690 4123828.590 4123827.686 4123826.887 4123825.878 ,31,32,40,no
39,302511.940 302513.220 302514.441 302515.781 302517.469 302518.915 302520.060 302521.145 302522.230 302523.179 302524.113 302525.228 302526.343 302527.352 302528.271 302529.069 302529.973 302530.666 302531.164 302531.723 302532.103 302532.565 302533.063 302533.424 302533.891 302534.403 302534.840 302535.145 302535.457 302535.714 302535.962 302536.196 302536.459 302536.648 302536.828 ,4123841.938 4123841.200 4123840.492 4123839.799 4123838.789 4123837.916 4123837.373 4123836.831 4123836.409 4123836.213 4123836.063 4123836.063 4123836.138 4123836.379 4123836.786 4123837.253 4123837.976 4123838.669 4123839.332 4123840.034 4123840.584 4123841.366 4123842.207 4123842.887 4123843.746 4123844.605 4123845.388 4123845.953 4123846.447 4123846.951 4123847.411 4123847.885 4123848.322 4123848.676 4123848.948 ,31,20,40,no
40,302543.000 302542.333 302541.655 302540.717 302539.813 302538.977 302538.039 302537.248 302536.457 302535.825 302534.921 302533.983 302533.135 302532.480 302531.994 302531.361 302530.661 302530.130 302529.429 302528.763 302528.164 302527.570 302526.966 302526.424 302525.859 302525.305 302524.785 302524.254 302523.700 302523.147 302522.638 302522.157 302521.665 302521.022 302520.480 302520.039 302519.520 302518.966 302518.498 302517.994 302517.486 302516.955 302516.463 302515.994 302515.452 302514.808 302514.271 302513.734 ,4123828.616 4123829.046 4123829.373 4123829.893 4123830.390 4123830.887 4123831.385 4123831.848 4123832.311 4123832.673 4123833.125 4123833.656 4123834.187 4123834.503 4123834.774 4123835.125 4123835.520 4123835.837 4123836.232 4123836.616 4123836.966 4123837.289 4123837.633 4123837.904 4123838.209 4123838.582 4123838.808 4123839.159 4123839.464 4123839.746 4123840.017 4123840.289 4123840.571 4123840.921 4123841.238 4123841.498 4123841.769 4123842.085 4123842.351 4123842.616 4123842.933 4123843.192 4123843.481 4123843.769 4123844.051 4123844.401 4123844.707 4123845.012 ,28,27,40,no
